"","site","stove_descriptions","mean_events_per_day","median_events_per_day","sd_events_per_day","mean_minutes_per_day_stove_hhid","median_minutes_per_day_stove_hhid","sd_minutes_per_day_stove_hhid","mean_event_duration","median_event_duration","sd_event_duration","households","days_logged_per_site_by_stove"
"1","AKO","CleanCook",0.480048572409434,0.253061027484833,0.536184997006833,19.1632172617354,10.7706167217886,20.5324381238024,40.2882483370288,30,24.0676143726694,10,1742.58333333333
"2","AKO","Kerosene",0.837426946488996,0.559288321527972,0.796771600677484,53.7883025418231,40.5007938603697,52.1646873890554,70.5029239766082,50,47.1392841574657,10,1527.66666666667
"3","AKO","LPG",0.176074994905237,0.176074994905237,NA,8.23940681287329,8.23940681287329,NA,46.7948717948718,30,40.5960010103865,1,442.993055555556
"4","MUS","CleanCook",0.524937533756633,0.50973342382133,0.269933686240652,23.5457147190509,20.878093158471,17.2381973829972,45.3641207815275,30,39.2092741598458,10,992.840277777778
"5","MUS","Kerosene",1.46201630094094,1.40251135334874,0.780128331948718,110.975199316674,87.2725122717247,65.3198651991347,77.32516222062,60,60.0154883318492,10,952.75
"6","SHO","CleanCook",0.562339600855691,0.523347343837347,0.377212248340713,23.5149844758266,21.2591494258711,17.5884081996605,41.0285714285714,30,23.6152125637052,10,708.090277777778
"7","SHO","Kerosene",0.944322924683145,1.10968212533333,0.612972895103962,68.2333309012651,76.880658784404,52.0021498548332,73.2823365785814,60,47.3100024415879,10,721.354166666667
"8","SHO","LPG",0.501780010113178,0.553850673487605,0.338072780205496,22.025782081202,23.1280190882314,20.4307471778481,47.5423728813559,35,35.0320107749569,4,184.381944444444
