"","site","stove_descriptions","mean_events_per_day","median_events_per_day","sd_events_per_day","mean_minutes_per_day_stove_hhid","median_minutes_per_day_stove_hhid","sd_minutes_per_day_stove_hhid","mean_event_duration","median_event_duration","sd_event_duration","households","days_logged_per_site_by_stove"
"1","AKO","CleanCook",0.627846848997725,0.334415184328318,0.737960335497692,20.6412000276183,11.2845906465236,22.5129299410599,33.0743243243243,30,24.6534261485597,10,1742.58333333333
"2","AKO","Kerosene",0.924175578759932,0.579807411536284,0.918557698179277,54.6557888645325,40.7059847604528,52.970414393046,67.2234513274336,50,47.8477057848388,10,1527.66666666667
"3","AKO","LPG",0.225737172955433,0.225737172955433,NA,8.73602859337524,8.73602859337524,NA,38.7,25,38.9419407255821,1,442.993055555556
"4","MUS","CleanCook",0.694388708420258,0.65655713556614,0.30451021770198,24.5728782807724,22.8513421661721,15.5430315236419,37.2739726027397,30,37.4985176749452,10,1020.77083333333
"5","MUS","Kerosene",1.55999266449541,1.65551120616243,0.878401786039465,109.903042545623,89.8025107998616,68.0224708839585,71.8001323626737,50,60.396612114831,10,966.965277777778
"6","SHO","CleanCook",0.699658206693854,0.640031770705553,0.490192447688623,24.0635855035784,20.6062166368887,18.8317556857167,33.6601307189542,30,24.4882549332776,10,758.763888888889
"7","SHO","Kerosene",1.01565742823806,1.13990496559376,0.662972303232408,68.9466759368142,77.1828871870083,52.4003193744046,69.2447916666667,50,48.3193685898453,10,721.354166666667
"8","SHO","LPG",0.536018204002038,0.562076015240219,0.39270916090052,20.4342149000845,19.3423742657452,19.9982216795076,41.1971830985916,30,34.8956376059198,4,208.763888888889
